[{
      "artist": "Rafal Chojnowski",
      "description": "oil paint on canvas with lots of paint splashes drops very energetic for large interiors",
      "medium": " Oil",
      "title": "BOBAS",
      "url": "https://www.saatchiart.com/art/Painting-BOBAS/64178/3032672/view",
      "tags": [
         " photo",
         " pink",
         " white",
         " expression",
         " bobas",
         " People",
         " Figurative"
      ],
      "filename": "BOBAS_image.jpg",
      "size": " 70.9 H x 70.9 W x 0.4 in",
      "price": "$2,290",
      "artistURL": "https://www.saatchiart.com/rafalchojnowski",
      "imgsrc": "https://assets.saatchiart.com/saatchi/64178/art/3223415/2293302-VJMDDXJI-7.jpg",
      "views": "583",
      "likes": "10"
   },
   {
      "artist": "Michelle Hold",
      "description": "'Remind me that I am here how I wish you could understand me follow me' M.Hold This vibrant painting on gallery wrapped canvas is made with high quality pigments and acrylics , protected by a layer of professional light resistant varnish (Lascaux ), signed on the back, ready to hang and comes with a certificate of authenticity A professional hook is already mounted, ready to hang. My work is an exploration of the abstract, like dance gestures and the vibrations of color. Light, movement, nature, thoughts and new spirituality with scientific grounding are essential to my work. My mission is to pull the viewer into the canvas with colors and to interrupt his daily routine, to see the beauty of this world.",
      "medium": " Acrylic, pigments",
      "title": "Just follow me",
      "url": "https://www.saatchiart.com/art/Painting-Just-follow-me/190027/2827172/view",
      "tags": [
         " blue",
         " transparency",
         " yellow",
         " colorfield",
         " colors",
         " contrasts",
         " multiple layering",
         " gestural painting",
         " abstract",
         " Abstract",
         " Abstract",
         " Abstract Expressionism",
         " Fine Art"
      ],
      "filename": "Just follow me_image.jpg",
      "size": " 31.5 H x 31.5 W x 1.4 in",
      "price": "$1,690",
      "artistURL": "https://www.saatchiart.com/michellehold",
      "imgsrc": "https://assets.saatchiart.com/saatchi/190027/art/3017689/2087582-PJOOTIMT-7.jpg",
      "views": "1667",
      "likes": "25"
   },
   {
      "artist": "Kristine Kvitka",
      "description": "Pure essence of light. For many years now, nature has been the main theme of my paintings. These are no conventional landscapes, they are „portraits” of forest, trees, water, earth, grass. To paint, following my intuition, to depict nature in the light of my personal sensations is the only way I can see new values and create new art. My paintings are like stories about nature, about the value of nature, about the proximity of men and nature. When depicting nature, I wish to emphasize the importance of the simple things. It is a kind of a record of sensations and reflection, of colourful as well as almost forgotten memories.",
      "medium": " Oil",
      "title": "Pure essence of light",
      "url": "https://www.saatchiart.com/art/Painting-Pure-essence-of-light/238386/2435886/view",
      "tags": [
         " sun",
         " tree",
         " trees",
         " wood",
         " brown",
         " abstract",
         " forest",
         " grey",
         " light",
         " modern",
         " Nature",
         " Abstract",
         " Conceptual",
         " Modern"
      ],
      "filename": "Pure essence of light_image.jpg",
      "size": " 35.4 H x 35.4 W x 1.2 in",
      "price": "$5,310",
      "artistURL": "https://www.saatchiart.com/account/profile/238386",
      "imgsrc": "https://assets.saatchiart.com/saatchi/238386/art/2626001/1695894-WAALBMZV-7.jpg",
      "views": "656",
      "likes": "19"
   }]